<?xml version="1.0" encoding="utf-8"?>
<odoo>
    <data>


        <!--        <record id="group_petty_cash_manager" model="res.groups">-->
        <!--            <field name="name">Manager</field>-->
        <!--            <field name="category_id" ref="petty_cash_management.module_category_petty_cash"/>-->
        <!--            <field name="implied_ids" eval="[(4, ref('petty_cash_management.group_petty_cash_user'))]"/>-->
        <!--            <field name="users" eval="[(4, ref('base.user_root'))]"/>-->
        <!--        </record>-->

        <record id="group_petty_cash_administrator" model="res.groups">
            <field name="name">Administrator</field>
            <field name="category_id" ref="petty_cash_management.module_category_petty_cash"/>
            <field name="implied_ids" eval="[(4, ref('petty_cash_management.group_petty_cash_manager'))]"/>
            <field name="users" eval="[(4, ref('base.user_root')),(4, ref('base.user_admin'))]"/>
        </record>

        <record id="own_petty_cash_rule" model="ir.rule">
            <field name="name">Users are allowed to access their own petty cash</field>
            <field name="model_id" ref="model_petty_cash"/>
            <field name="domain_force">['|',
                ('employee_id.user_id.id', '=', user.id),
                ('employee_id.parent_id.user_id.id', '=', user.id)]</field>
            <field name="groups" eval="[(4, ref('petty_cash_management.group_petty_cash_manager')), (4, ref('petty_cash_management.group_petty_cash_user'))]"/>
        </record>
        <record id="own_petty_cash_rule2" model="ir.rule">
            <field name="name">admin  allowed to access all  petty cash</field>
            <field name="model_id" ref="model_petty_cash"/>
            <!--<field name="domain_force">['|',-->
                <!--('employee_id.user_id.id', '=', user.id),-->
                <!--('employee_id.parent_id.user_id.id', '=', user.id)]</field>-->
            <field name="groups" eval="[(4, ref('petty_cash_extention.group_petty_cash_administrator'))]"/>
        </record>


        <record model='ir.ui.menu' id='petty_cash_management.menu_account_petty_cash_adj_action'>
            <field name="groups_id"
                   eval="[(6,0, [ref('petty_cash_extention.group_petty_cash_administrator'), ref('petty_cash_management.group_petty_cash_manager')])]"/>
        </record>

        <record model='ir.ui.menu' id='petty_cash_management.menu_account_petty_cash_type_action'>
            <field name="groups_id"
                   eval="[(6,0, [ref('petty_cash_extention.group_petty_cash_administrator'), ref('petty_cash_management.group_petty_cash_manager')])]"/>
        </record>

        <!--<record model='ir.ui.menu' id='petty_cash_extention.petty_cash_rep_categ'>-->
            <!--<field name="groups_id" eval="[(6,0,[ref('petty_cash_extention.group_petty_cash_administrator'), ref('petty_cash_management.group_petty_cash_manager')])]"/>-->
        <!--</record>-->

    </data>
</odoo>

