<odoo>

    <record id="email_to_register_petty_cash_accountant" model="mail.template">
        <field name="name">Ask To Register Petty Cash</field>
        <field name="model_id" ref="model_petty_cash"/>
        <field name="model">petty.cash</field>
        <field name="subject">Ask To Register Petty Cash</field>
         <field eval="0" name="auto_delete"/>
        <field name="lang">${ctx.get('lang') or user.lang}</field>
        <field name="email_from">${('&quot;%s&quot; &lt;%s&gt;' % (object.company_id.name, object.company_id.email or user.email)) | safe}</field>
        <field name="email_to">${object.get_email_to_petty_cash_accountant()}</field>
        <field name="body_html"><![CDATA[
            <table style="border-collapse: separate; padding-top: 16px; background-color: rgb(241, 241, 241); font-family: Verdana, Arial, sans-serif; color: rgb(69, 71, 72); width: 1069px;" cellspacing="0" cellpadding="0" border="0">
               <tbody>
                  <tr>
                     <td align="center">
                        <table style="border-collapse: separate; padding: 16px; background-color: white;" width="590" cellspacing="0" cellpadding="0" border="0">
                           <tbody>
                              <tr>
                                 <td style="min-width: 590px;" align="center">
                                    <table style="border-collapse: separate; min-width: 590px; padding: 0px 8px;" width="590" cellspacing="0" cellpadding="0" border="0">
                                       <tbody>
                                          <tr>
                                             <td valign="middle"><span style="font-size: 10px;">Heights</span><br><span style="font-size: 20px; font-weight: bold;text-align:center;">  Ask to Register Petty Cash from   :  ${object.employee_id.name}</span></td>
                                             <td valign="middle" align="right"><img src="/logo.png?company=${object.company_id.id}" alt="${object.company_id.name}" style="padding: 0px; margin: 0px; height: auto; width: 80px;"></td>
                                          </tr>
                                          <tr>
                                             <td colspan="2" style="text-align: center;">
                                                <hr style="border-style:solid none none none;border-image-width:1;border-image-source:none;border-image-slice:100%;border-image-repeat:stretch;border-image-outset:0;border-left-color:currentcolor;border-bottom-color:currentcolor;border-right-color:currentcolor;margin: 16px 0px; border-width: medium; border-style: none; border-top-color: initial; background-color: rgb(204, 204, 204); clear: both; font-size: 0px; min-height: 1px; line-height: 0;" width="100%">
                                             </td>
                                          </tr>
                                          <tr>
                                 <td style="min-width: 590px;" align="center">
                                    <table style="border-collapse: separate; min-width: 590px; padding: 0px 8px;" width="590" cellspacing="0" cellpadding="0" border="0">
                                       <tbody>
                                          <tr>
                                             <td style="font-size: 13px;" valign="top">
                                                <span style="font-weight: bold;">Reference  : &#x2063; &#x2063;&nbsp;&nbsp; ${object.name} </span>
                                                <br>
                                             </td>
                                          </tr>
                                       </tbody>
                                    </table>
                                 </td>
                              </tr>

                              <tr>
                                 <td style="min-width: 590px;" align="center">
                                    <table style="border-collapse: separate; min-width: 590px; font-size: 11px; padding: 0px 8px;" width="590" cellspacing="0" cellpadding="0" border="0">
                                       <tbody>
                                          <tr>
                                             <td valign="middle" align="left">${object.company_id.name}</td>
                                          </tr>
                                          <tr>
                                             <td style="opacity: 0.7;" valign="middle" align="left">
                                                ${object.company_id.phone}
                                                % if object.company_id.email:
                                                      |&nbsp;
                                                      <a href="${'mailto:%s' % object.company_id.email}" style="color: rgb(69, 71, 72);">
                                                         ${object.company_id.email}
                                                      </a>
                                                      &nbsp;
                                                % endif
                                                % if object.company_id.website:
                                                   |&nbsp;
                                                   <a style="color: rgb(69, 71, 72);">${object.company_id.website}&nbsp;</a>
                                                % endif
                                             </td>
                                          </tr>
                                       </tbody>
                                    </table>
                                 </td>
                              </tr>
                           </tbody>
                        </table>
                              <h6>
                                    <span style="font-weight: bold;"> For More Details :  
                                                <div style="margin: 16px 0px;"><a href="${object.create_uid.partner_id.get_base_url()}/mail/view?model=petty.cash&amp;res_id=${object.id}" style="color: rgb(255, 255, 255); background-color: rgb(135, 90, 123); padding: 8px 16px; border-radius: 5px;" data-original-title="" title="" aria-describedby="tooltip234017">View Request</a><br></div>
                                    </span>                                    
                              </h6>            
                     </td>
                  </tr>
                  <tr>
                     <td style="min-width: 590px;" align="center">
                        <table style="border-collapse: separate; min-width: 590px; padding: 8px;" width="590" cellspacing="0" cellpadding="0" border="0">
                           <tbody>
                              <tr>
                              </tr>
                           </tbody>
                        </table>
                     </td>
                  </tr>
               </tbody>
            </table>
        ]]></field>
    </record>

    <record id="email_paid_to_petty_cash_employee" model="mail.template">
        <field name="name">Inform about Petty Cash Paid</field>
        <field name="model_id" ref="model_petty_cash"/>
        <field name="model">petty.cash</field>
        <field name="subject">Inform about Petty Cash Paid</field>
         <field eval="0" name="auto_delete"/>
        <field name="lang">${ctx.get('lang') or user.lang}</field>
        <field name="email_from">${('&quot;%s&quot; &lt;%s&gt;' % (object.company_id.name, object.company_id.email or user.email)) | safe}</field>
        <field name="email_to">${object.employee_id.work_email}</field>
        <field name="body_html"><![CDATA[
            <table style="border-collapse: separate; padding-top: 16px; background-color: rgb(241, 241, 241); font-family: Verdana, Arial, sans-serif; color: rgb(69, 71, 72); width: 1069px;" cellspacing="0" cellpadding="0" border="0">
               <tbody>
                  <tr>
                     <td align="center">
                        <table style="border-collapse: separate; padding: 16px; background-color: white;" width="590" cellspacing="0" cellpadding="0" border="0">
                           <tbody>
                              <tr>
                                 <td style="min-width: 590px;" align="center">
                                    <table style="border-collapse: separate; min-width: 590px; padding: 0px 8px;" width="590" cellspacing="0" cellpadding="0" border="0">
                                       <tbody>
                                          <tr>
                                             <td valign="middle"><span style="font-size: 10px;">Heights</span><br><span style="font-size: 20px; font-weight: bold;text-align:center;"> Your Petty cash request has been Paid </span></td>
                                             <td valign="middle" align="right"><img src="/logo.png?company=${object.company_id.id}" alt="${object.company_id.name}" style="padding: 0px; margin: 0px; height: auto; width: 80px;"></td>
                                          </tr>
                                          <tr>
                                             <td colspan="2" style="text-align: center;">
                                                <hr style="border-style:solid none none none;border-image-width:1;border-image-source:none;border-image-slice:100%;border-image-repeat:stretch;border-image-outset:0;border-left-color:currentcolor;border-bottom-color:currentcolor;border-right-color:currentcolor;margin: 16px 0px; border-width: medium; border-style: none; border-top-color: initial; background-color: rgb(204, 204, 204); clear: both; font-size: 0px; min-height: 1px; line-height: 0;" width="100%">
                                             </td>
                                          </tr>
                                          <tr>
                                 <td style="min-width: 590px;" align="center">
                                    <table style="border-collapse: separate; min-width: 590px; padding: 0px 8px;" width="590" cellspacing="0" cellpadding="0" border="0">
                                       <tbody>
                                          <tr>
                                             <td style="font-size: 13px;" valign="top">
                                                <span style="font-weight: bold;">Reference  : &#x2063; &#x2063;&nbsp;&nbsp; ${object.name} </span>
                                                <br>
                                             </td>
                                          </tr>
                                       </tbody>
                                    </table>
                                 </td>
                              </tr>

                              <tr>
                                 <td style="min-width: 590px;" align="center">
                                    <table style="border-collapse: separate; min-width: 590px; font-size: 11px; padding: 0px 8px;" width="590" cellspacing="0" cellpadding="0" border="0">
                                       <tbody>
                                          <tr>
                                             <td valign="middle" align="left">${object.company_id.name}</td>
                                          </tr>
                                          <tr>
                                             <td style="opacity: 0.7;" valign="middle" align="left">
                                                ${object.company_id.phone}
                                                % if object.company_id.email:
                                                      |&nbsp;
                                                      <a href="${'mailto:%s' % object.company_id.email}" style="color: rgb(69, 71, 72);">
                                                         ${object.company_id.email}
                                                      </a>
                                                      &nbsp;
                                                % endif
                                                % if object.company_id.website:
                                                   |&nbsp;
                                                   <a style="color: rgb(69, 71, 72);">${object.company_id.website}&nbsp;</a>
                                                % endif
                                             </td>
                                          </tr>
                                       </tbody>
                                    </table>
                                 </td>
                              </tr>
                           </tbody>
                        </table>
                              <h6>
                                    <span style="font-weight: bold;"> For More Details :  
                                                <div style="margin: 16px 0px;"><a href="${object.create_uid.partner_id.get_base_url()}/mail/view?model=petty.cash&amp;res_id=${object.id}" style="color: rgb(255, 255, 255); background-color: rgb(135, 90, 123); padding: 8px 16px; border-radius: 5px;" data-original-title="" title="" aria-describedby="tooltip234017">View Request</a><br></div>
                                    </span>                                    
                              </h6>            
                     </td>
                  </tr>
                  <tr>
                     <td style="min-width: 590px;" align="center">
                        <table style="border-collapse: separate; min-width: 590px; padding: 8px;" width="590" cellspacing="0" cellpadding="0" border="0">
                           <tbody>
                              <tr>
                              </tr>
                           </tbody>
                        </table>
                     </td>
                  </tr>
               </tbody>
            </table>
        ]]></field>
    </record>

    <record id="email_refuse_to_petty_cash_employee" model="mail.template">
        <field name="name">Inform about Petty Cash Refuse</field>
        <field name="model_id" ref="model_petty_cash"/>
        <field name="model">petty.cash</field>
        <field name="subject">Inform about Petty Cash Refuse</field>
         <field eval="0" name="auto_delete"/>
        <field name="lang">${ctx.get('lang') or user.lang}</field>
        <field name="email_from">${('&quot;%s&quot; &lt;%s&gt;' % (object.company_id.name, object.company_id.email or user.email)) | safe}</field>
        <field name="email_to">${object.employee_id.work_email}</field>
        <field name="body_html"><![CDATA[
            <table style="border-collapse: separate; padding-top: 16px; background-color: rgb(241, 241, 241); font-family: Verdana, Arial, sans-serif; color: rgb(69, 71, 72); width: 1069px;" cellspacing="0" cellpadding="0" border="0">
               <tbody>
                  <tr>
                     <td align="center">
                        <table style="border-collapse: separate; padding: 16px; background-color: white;" width="590" cellspacing="0" cellpadding="0" border="0">
                           <tbody>
                              <tr>
                                 <td style="min-width: 590px;" align="center">
                                    <table style="border-collapse: separate; min-width: 590px; padding: 0px 8px;" width="590" cellspacing="0" cellpadding="0" border="0">
                                       <tbody>
                                          <tr>
                                             <td valign="middle"><span style="font-size: 10px;">Heights</span><br><span style="font-size: 20px; font-weight: bold;text-align:center;"> Your Petty cash request has been refused </span></td>
                                             <td valign="middle" align="right"><img src="/logo.png?company=${object.company_id.id}" alt="${object.company_id.name}" style="padding: 0px; margin: 0px; height: auto; width: 80px;"></td>
                                          </tr>
                                          <tr>
                                             <td colspan="2" style="text-align: center;">
                                                <hr style="border-style:solid none none none;border-image-width:1;border-image-source:none;border-image-slice:100%;border-image-repeat:stretch;border-image-outset:0;border-left-color:currentcolor;border-bottom-color:currentcolor;border-right-color:currentcolor;margin: 16px 0px; border-width: medium; border-style: none; border-top-color: initial; background-color: rgb(204, 204, 204); clear: both; font-size: 0px; min-height: 1px; line-height: 0;" width="100%">
                                             </td>
                                          </tr>
                                          <tr>
                                 <td style="min-width: 590px;" align="center">
                                    <table style="border-collapse: separate; min-width: 590px; padding: 0px 8px;" width="590" cellspacing="0" cellpadding="0" border="0">
                                       <tbody>
                                          <tr>
                                             <td style="font-size: 13px;" valign="top">
                                                <span style="font-weight: bold;">Reference  : &#x2063; &#x2063;&nbsp;&nbsp; ${object.name} </span>
                                                <br>
                                             </td>
                                          </tr>
                                       </tbody>
                                    </table>
                                 </td>
                              </tr>

                              <tr>
                                 <td style="min-width: 590px;" align="center">
                                    <table style="border-collapse: separate; min-width: 590px; font-size: 11px; padding: 0px 8px;" width="590" cellspacing="0" cellpadding="0" border="0">
                                       <tbody>
                                          <tr>
                                             <td valign="middle" align="left">${object.company_id.name}</td>
                                          </tr>
                                          <tr>
                                             <td style="opacity: 0.7;" valign="middle" align="left">
                                                ${object.company_id.phone}
                                                % if object.company_id.email:
                                                      |&nbsp;
                                                      <a href="${'mailto:%s' % object.company_id.email}" style="color: rgb(69, 71, 72);">
                                                         ${object.company_id.email}
                                                      </a>
                                                      &nbsp;
                                                % endif
                                                % if object.company_id.website:
                                                   |&nbsp;
                                                   <a style="color: rgb(69, 71, 72);">${object.company_id.website}&nbsp;</a>
                                                % endif
                                             </td>
                                          </tr>
                                       </tbody>
                                    </table>
                                 </td>
                              </tr>
                           </tbody>
                        </table>
                              <h6>
                                    <span style="font-weight: bold;"> For More Details :  
                                                <div style="margin: 16px 0px;"><a href="${object.create_uid.partner_id.get_base_url()}/mail/view?model=petty.cash&amp;res_id=${object.id}" style="color: rgb(255, 255, 255); background-color: rgb(135, 90, 123); padding: 8px 16px; border-radius: 5px;" data-original-title="" title="" aria-describedby="tooltip234017">View Request</a><br></div>
                                    </span>                                    
                              </h6>            
                     </td>
                  </tr>
                  <tr>
                     <td style="min-width: 590px;" align="center">
                        <table style="border-collapse: separate; min-width: 590px; padding: 8px;" width="590" cellspacing="0" cellpadding="0" border="0">
                           <tbody>
                              <tr>
                              </tr>
                           </tbody>
                        </table>
                     </td>
                  </tr>
               </tbody>
            </table>
        ]]></field>
    </record>

    <record id="email_approve_to_petty_cash_employee" model="mail.template">
        <field name="name">Inform about Petty Cash Approve</field>
        <field name="model_id" ref="model_petty_cash"/>
        <field name="model">petty.cash</field>
        <field name="subject">Inform about Petty Cash Approve</field>
         <field eval="0" name="auto_delete"/>
        <field name="lang">${ctx.get('lang') or user.lang}</field>
        <field name="email_from">${('&quot;%s&quot; &lt;%s&gt;' % (object.company_id.name, object.company_id.email or user.email)) | safe}</field>
        <field name="email_to">${object.employee_id.work_email}</field>
        <field name="body_html"><![CDATA[
            <table style="border-collapse: separate; padding-top: 16px; background-color: rgb(241, 241, 241); font-family: Verdana, Arial, sans-serif; color: rgb(69, 71, 72); width: 1069px;" cellspacing="0" cellpadding="0" border="0">
               <tbody>
                  <tr>
                     <td align="center">
                        <table style="border-collapse: separate; padding: 16px; background-color: white;" width="590" cellspacing="0" cellpadding="0" border="0">
                           <tbody>
                              <tr>
                                 <td style="min-width: 590px;" align="center">
                                    <table style="border-collapse: separate; min-width: 590px; padding: 0px 8px;" width="590" cellspacing="0" cellpadding="0" border="0">
                                       <tbody>
                                          <tr>
                                             <td valign="middle"><span style="font-size: 10px;">Heights</span><br><span style="font-size: 20px; font-weight: bold;text-align:center;"> Your Petty cash request has been approved </span></td>
                                             <td valign="middle" align="right"><img src="/logo.png?company=${object.company_id.id}" alt="${object.company_id.name}" style="padding: 0px; margin: 0px; height: auto; width: 80px;"></td>
                                          </tr>
                                          <tr>
                                             <td colspan="2" style="text-align: center;">
                                                <hr style="border-style:solid none none none;border-image-width:1;border-image-source:none;border-image-slice:100%;border-image-repeat:stretch;border-image-outset:0;border-left-color:currentcolor;border-bottom-color:currentcolor;border-right-color:currentcolor;margin: 16px 0px; border-width: medium; border-style: none; border-top-color: initial; background-color: rgb(204, 204, 204); clear: both; font-size: 0px; min-height: 1px; line-height: 0;" width="100%">
                                             </td>
                                          </tr>
                                          <tr>
                                 <td style="min-width: 590px;" align="center">
                                    <table style="border-collapse: separate; min-width: 590px; padding: 0px 8px;" width="590" cellspacing="0" cellpadding="0" border="0">
                                       <tbody>
                                          <tr>
                                             <td style="font-size: 13px;" valign="top">
                                                <span style="font-weight: bold;">Reference  : &#x2063; &#x2063;&nbsp;&nbsp; ${object.name} </span>
                                                <br>
                                             </td>
                                          </tr>
                                       </tbody>
                                    </table>
                                 </td>
                              </tr>

                              <tr>
                                 <td style="min-width: 590px;" align="center">
                                    <table style="border-collapse: separate; min-width: 590px; font-size: 11px; padding: 0px 8px;" width="590" cellspacing="0" cellpadding="0" border="0">
                                       <tbody>
                                          <tr>
                                             <td valign="middle" align="left">${object.company_id.name}</td>
                                          </tr>
                                          <tr>
                                             <td style="opacity: 0.7;" valign="middle" align="left">
                                                ${object.company_id.phone}
                                                % if object.company_id.email:
                                                      |&nbsp;
                                                      <a href="${'mailto:%s' % object.company_id.email}" style="color: rgb(69, 71, 72);">
                                                         ${object.company_id.email}
                                                      </a>
                                                      &nbsp;
                                                % endif
                                                % if object.company_id.website:
                                                   |&nbsp;
                                                   <a style="color: rgb(69, 71, 72);">${object.company_id.website}&nbsp;</a>
                                                % endif
                                             </td>
                                          </tr>
                                       </tbody>
                                    </table>
                                 </td>
                              </tr>
                           </tbody>
                        </table>
                              <h6>
                                    <span style="font-weight: bold;"> For More Details :  
                                                <div style="margin: 16px 0px;"><a href="${object.create_uid.partner_id.get_base_url()}/mail/view?model=petty.cash&amp;res_id=${object.id}" style="color: rgb(255, 255, 255); background-color: rgb(135, 90, 123); padding: 8px 16px; border-radius: 5px;" data-original-title="" title="" aria-describedby="tooltip234017">View Request</a><br></div>
                                    </span>                                    
                              </h6>            
                     </td>
                  </tr>
                  <tr>
                     <td style="min-width: 590px;" align="center">
                        <table style="border-collapse: separate; min-width: 590px; padding: 8px;" width="590" cellspacing="0" cellpadding="0" border="0">
                           <tbody>
                              <tr>
                              </tr>
                           </tbody>
                        </table>
                     </td>
                  </tr>
               </tbody>
            </table>
        ]]></field>
    </record>

    <record id="send_email_to_petty_cash_managers" model="base.automation">
        <field name="name">Ask To Approve Petty Cash request</field>
        <field name="model_id" ref="model_petty_cash"/>
        <field name="state">code</field>
        <field name="trigger">on_create</field>
        <field name="active" eval="True"/>
        <field name="filter_domain" eval="[['state','=','draft']]"/>
        <field name="code">records.send_email_to_petty_cash_manager()</field>
    </record>

    <record id="ask_to_approve_petty_cash_template" model="mail.template">
        <field name="name">Ask To Approve Petty Cash</field>
        <field name="model_id" ref="model_petty_cash"/>
        <field name="model">petty.cash</field>
        <field name="subject">Ask To Approve Petty Cash</field>
         <field eval="0" name="auto_delete"/>
        <field name="lang">${ctx.get('lang') or user.lang}</field>
        <field name="email_from">${('&quot;%s&quot; &lt;%s&gt;' % (object.company_id.name, object.company_id.email or user.email)) | safe}</field>
        <field name="email_to">${object.get_email_to_petty_cash_managers()}</field>
        <field name="body_html"><![CDATA[
            <table style="border-collapse: separate; padding-top: 16px; background-color: rgb(241, 241, 241); font-family: Verdana, Arial, sans-serif; color: rgb(69, 71, 72); width: 1069px;" cellspacing="0" cellpadding="0" border="0">
               <tbody>
                  <tr>
                     <td align="center">
                        <table style="border-collapse: separate; padding: 16px; background-color: white;" width="590" cellspacing="0" cellpadding="0" border="0">
                           <tbody>
                              <tr>
                                 <td style="min-width: 590px;" align="center">
                                    <table style="border-collapse: separate; min-width: 590px; padding: 0px 8px;" width="590" cellspacing="0" cellpadding="0" border="0">
                                       <tbody>
                                          <tr>
                                             <td valign="middle"><span style="font-size: 10px;">Heights</span><br><span style="font-size: 20px; font-weight: bold;text-align:center;">  Ask to approve Petty Cash from   :  ${object.employee_id.name}</span></td>
                                             <td valign="middle" align="right"><img src="/logo.png?company=${object.company_id.id}" alt="${object.company_id.name}" style="padding: 0px; margin: 0px; height: auto; width: 80px;"></td>
                                          </tr>
                                          <tr>
                                             <td colspan="2" style="text-align: center;">
                                                <hr style="border-style:solid none none none;border-image-width:1;border-image-source:none;border-image-slice:100%;border-image-repeat:stretch;border-image-outset:0;border-left-color:currentcolor;border-bottom-color:currentcolor;border-right-color:currentcolor;margin: 16px 0px; border-width: medium; border-style: none; border-top-color: initial; background-color: rgb(204, 204, 204); clear: both; font-size: 0px; min-height: 1px; line-height: 0;" width="100%">
                                             </td>
                                          </tr>
                                          <tr>
                                 <td style="min-width: 590px;" align="center">
                                    <table style="border-collapse: separate; min-width: 590px; padding: 0px 8px;" width="590" cellspacing="0" cellpadding="0" border="0">
                                       <tbody>
                                          <tr>
                                             <td style="font-size: 13px;" valign="top">
                                                <span style="font-weight: bold;">Reference  : &#x2063; &#x2063;&nbsp;&nbsp; ${object.name} </span>
                                                <br>
                                             </td>
                                          </tr>
                                       </tbody>
                                    </table>
                                 </td>
                              </tr>

                              <tr>
                                 <td style="min-width: 590px;" align="center">
                                    <table style="border-collapse: separate; min-width: 590px; font-size: 11px; padding: 0px 8px;" width="590" cellspacing="0" cellpadding="0" border="0">
                                       <tbody>
                                          <tr>
                                             <td valign="middle" align="left">${object.company_id.name}</td>
                                          </tr>
                                          <tr>
                                             <td style="opacity: 0.7;" valign="middle" align="left">
                                                ${object.company_id.phone}
                                                % if object.company_id.email:
                                                      |&nbsp;
                                                      <a href="${'mailto:%s' % object.company_id.email}" style="color: rgb(69, 71, 72);">
                                                         ${object.company_id.email}
                                                      </a>
                                                      &nbsp;
                                                % endif
                                                % if object.company_id.website:
                                                   |&nbsp;
                                                   <a style="color: rgb(69, 71, 72);">${object.company_id.website}&nbsp;</a>
                                                % endif
                                             </td>
                                          </tr>
                                       </tbody>
                                    </table>
                                 </td>
                              </tr>
                           </tbody>
                        </table>
                              <h6>
                                    <span style="font-weight: bold;"> For More Details :  
                                                <div style="margin: 16px 0px;"><a href="${object.create_uid.partner_id.get_base_url()}/mail/view?model=petty.cash&amp;res_id=${object.id}" style="color: rgb(255, 255, 255); background-color: rgb(135, 90, 123); padding: 8px 16px; border-radius: 5px;" data-original-title="" title="" aria-describedby="tooltip234017">View Request</a><br></div>
                                    </span>                                    
                              </h6>            
                     </td>
                  </tr>
                  <tr>
                     <td style="min-width: 590px;" align="center">
                        <table style="border-collapse: separate; min-width: 590px; padding: 8px;" width="590" cellspacing="0" cellpadding="0" border="0">
                           <tbody>
                              <tr>
                              </tr>
                           </tbody>
                        </table>
                     </td>
                  </tr>
               </tbody>
            </table>
        ]]></field>
    </record>
</odoo>