<?xml version="1.0" encoding="utf-8"?>
<odoo>
    <data>
          <record model="ir.module.category" id="module_category_petty_cash">
            <field name="name">Petty Cash</field>
            <field name="description">Helps you manage Petty Cash</field>
            <field name="sequence">8</field>
        </record>

         <record id="group_petty_cash_user" model="res.groups">
            <field name="name">User</field>
            <field name="category_id" ref="module_category_petty_cash"/>
        </record>

        <record id="group_petty_cash_accountant" model="res.groups">
            <field name="name">Accountant</field>
            <field name="category_id" ref="module_category_petty_cash"/>
            <field name="implied_ids" eval="[(4, ref('group_petty_cash_user'))]"/>
        </record>

        <record id="group_petty_cash_manager" model="res.groups">
            <field name="name">Manager</field>
            <field name="category_id" ref="module_category_petty_cash"/>
            <field name="implied_ids" eval="[(4, ref('group_petty_cash_user'))]"/>
            <field name="users" eval="[(4, ref('base.user_root'))]"/>
        </record>


    </data>
</odoo>
