<?xml version="1.0" encoding="utf-8"?>
<odoo>
	<!--Adding a salary rule for loan-->
	<data noupdate="1">
        <record id="ksa_saudi_loan_salary_rule" model="hr.salary.rule">
            <field name="name">Loan</field>
            <field name="category_id" ref="hr_payroll.ALW"/>
            <field name="code">LO</field>
            <field name="sequence">9</field>
            <field name="amount_select">code</field>
            <field name="amount_python_compute">result = inputs.LO and - (inputs.LO.amount)</field>
            <field name="struct_id" ref="l10n_sa_hr_payroll.ksa_saudi_employee_payroll_structure"/>
        </record>

        <record id="ksa_expat_loan_salary_rule" model="hr.salary.rule">
            <field name="name">Loan</field>
            <field name="category_id" ref="hr_payroll.ALW"/>
            <field name="code">Loan</field>
            <field name="sequence">5</field>
            <field name="amount_select">code</field>
            <field name="amount_python_compute">result = inputs.LO and - (inputs.LO.amount)s</field>
            <field name="struct_id" ref="l10n_sa_hr_payroll.ksa_expat_employee_payroll_structure"/>
        </record>

<!--		<record id="hr_rule_loan" model="hr.salary.rule">-->
<!--            <field name="amount_select">code</field>-->
<!--            <field name="code">LO</field>-->
<!--            <field name="category_id" ref="hr_payroll.DED"/>-->
<!--            <field name="name">Loan</field>-->
<!--            <field name="sequence" eval="190"/>-->
<!--            <field name="amount_python_compute">result = inputs.LO and - (inputs.LO.amount)</field>-->
<!--            <field name="struct_id" ref="hr_contract_types.structure1"/>-->
<!--        </record>-->



<!--        <record id="hr_rule_input_type_loan" model="hr.payslip.input.type">-->
<!--            <field name="code">LO</field>-->
<!--            <field name="name">Loan</field>-->
<!--&lt;!&ndash;            <field name="input_id" ref="hr_rule_loan"/>&ndash;&gt;-->
<!--        </record>-->

	</data>
</odoo>
